Employee Number,Punch Date,Punch Time,Note
2031,9/9/2026,9:30:00,Reported via WhatsApp - phone GPS was off
2031,16/9/2026,9:33:00,Reported via WhatsApp - phone GPS was off
2031,24/9/2026,9:30:00,Reported via WhatsApp - phone GPS was off
2031,25/9/2026,9:30:00,Reported via WhatsApp - phone GPS was off
2031,28/9/2026,9:30:00,Reported via WhatsApp - phone GPS was off
AC0001,3/9/2026,9:30:00,Reported via WhatsApp - phone GPS was off
AC0001,9/9/2026,9:30:00,Reported via WhatsApp - phone GPS was off
AC0001,19/9/2026,9:30:00,Reported via WhatsApp - phone GPS was off
AC0001,24/9/2026,9:30:00,Reported via WhatsApp - phone GPS was off
AC0001,28/9/2026,9:30:00,Reported via WhatsApp - phone GPS was off
2024,1/9/2026,9:30:00,Reported via WhatsApp - phone GPS was off
2024,22/9/2026,9:30:00,Reported via WhatsApp - phone GPS was off
2024,25/9/2026,9:30:00,Reported via WhatsApp - phone GPS was off
2024,28/9/2026,9:30:00,Reported via WhatsApp - phone GPS was off
2044,18/9/2026,9:30:00,Reported via WhatsApp - phone GPS was off
2044,25/9/2026,9:30:00,Reported via WhatsApp - phone GPS was off
2044,29/9/2026,9:31:00,Reported via WhatsApp - phone GPS was off
2055,5/9/2026,8:31:00,Reported via WhatsApp - phone GPS was off
2050,28/9/2026,7:38:00,Reported via WhatsApp - phone GPS was off
2056,7/9/2026,8:30:00,Reported via WhatsApp - phone GPS was off
2056,11/9/2026,8:30:00,Reported via WhatsApp - phone GPS was off
2056,21/9/2026,8:30:00,Reported via WhatsApp - phone GPS was off
2056,29/9/2026,8:30:00,Reported via WhatsApp - phone GPS was off
